Temp_FH,Vol_HW,Soc_B,T_FH_plus,T_FH_minus,V_HW_plus,V_HW_minus,profits,comfort,abort,COP_FH,COP_HW,PV_DE,B_DE,GR_DE,PV_B,PV_GR,PV_HP,GR_HP,B_HP,HP_FH,HP_HW,index,B,HP
21.5,100.0,5.0,0.0,0.0,53.07873498054417,0.0,-107.12988598638582,-106.15746996108834,0.0,3.3961429050990515,2.32471433367048,0.0,0.0,0.24138900637626648,0.0,0.0,0.0,2.999997615814209,0.0,0.0,2.999997615814209,2.0,4.599999904632568,-2.999997615814209
