Temp_FH,Vol_HW,Soc_B,T_FH_plus,T_FH_minus,V_HW_plus,V_HW_minus,profits,comfort,abort,COP_FH,COP_HW,PV_DE,B_DE,GR_DE,PV_B,PV_GR,PV_HP,GR_HP,B_HP,HP_FH,HP_HW,index,B,HP
21.5,100.0,5.0,0.0,0.0,0.0,0.0,-0.9569448374487877,-0.0,0.0,4.88721433367048,3.8157857622419087,0.0,0.0,0.18981599807739258,0.0,0.0,0.0,3.0,0.0,3.0,0.0,2.0,4.599999904632568,3.0
23.69249725341797,99.32877349853516,4.999850273132324,1.855550834387543,0.0,0.0,0.0,-2.8074502710759424,-1.855550834387543,0.0,4.821785736083984,3.750357164655413,0.0,0.0,0.17299799621105194,0.0,0.0,0.0,3.0,0.0,3.0,0.0,3.0,4.599999904632568,3.0
25.85555076599121,91.13624572753906,4.999700546264648,3.982379351620164,0.0,0.0,0.0,-4.930504790434542,-3.982379351620164,0.0,4.741285746438162,3.669857243129185,0.0,0.0,0.16041800379753113,0.0,0.0,0.0,3.0,0.0,3.0,0.0,4.0,4.599999904632568,3.0
27.982379913330078,90.46501922607422,4.999550819396973,6.083429926059075,0.0,0.0,0.0,-7.030241064522537,-6.083429926059075,0.0,4.684000028882708,3.6125713893345424,0.0,0.0,0.15603700280189514,0.0,0.0,0.0,3.0,0.0,3.0,0.0,5.0,4.599999904632568,3.0
