Temp_FH,Vol_HW,Soc_B,T_FH_plus,T_FH_minus,V_HW_plus,V_HW_minus,profits,COP_FH,COP_HW,PV_DE,B_DE,GR_DE,PV_B,PV_GR,PV_HP,GR_HP,B_HP,HP_FH,HP_HW,index,B,HP
21.5,100.0,5.0,0.0,0.0,26.9408068910395,0.0,-27.93120852324521,4.775285734449114,3.7038570949009486,0.0,0.0,0.3013469874858856,0.0,0.0,0.0,2.9999916553497314,0.0,0.0,2.9999916553497314,47.0,4.599999904632568,-2.9999916553497314
