Temp_FH,Vol_HW,Soc_B,T_FH_plus,T_FH_minus,V_HW_plus,V_HW_minus,profits,COP_FH,COP_HW,PV_DE,B_DE,GR_DE,PV_B,PV_GR,PV_HP,GR_HP,B_HP,HP_FH,HP_HW,index,B,HP
21.5,100.0,5.0,0.0,0.0,78.59729258400819,0.0,-78.59729258400819,5.053357206072126,3.9819286346435545,0.3127540051937103,0.0,0.0,0.0,0.0,2.3377459049224854,0.0,0.14524197578430176,0.0,2.482987880706787,10.0,-4.599728107452393,-2.482987880706787
