Temp_FH,Vol_HW,Soc_B,T_FH_plus,T_FH_minus,V_HW_plus,V_HW_minus,profits,COP_FH,COP_HW,PV_DE,B_DE,GR_DE,PV_B,PV_GR,PV_HP,GR_HP,B_HP,HP_FH,HP_HW,index,B,HP
21.5,100.0,5.0,0.0,0.0,52.01893041456066,0.0,-52.63724452652115,4.76892854145595,3.6974999019077845,0.0,0.0,0.18981599807739258,0.0,0.0,0.0,1.871230959892273,0.0,0.0,1.871230959892273,1.0,4.59999942779541,-1.871230959892273
