Temp_FH,Vol_HW,Soc_B,T_FH_plus,T_FH_minus,V_HW_plus,V_HW_minus,profits,COP_FH,COP_HW,PV_DE,B_DE,GR_DE,PV_B,PV_GR,PV_HP,GR_HP,B_HP,HP_FH,HP_HW,index,B,HP
21.5,100.0,5.0,0.0,0.0,45.56030654065583,0.0,-45.56030654065583,4.88721433367048,3.8157857622419087,0.0,0.18981599807739258,0.0,0.0,0.0,0.0,0.0,1.7249667644500732,0.0,1.7249667644500732,1.0,-4.55769157409668,-1.7249667644500732
