Temp_FH,Vol_HW,Soc_B,T_FH_plus,T_FH_minus,V_HW_plus,V_HW_minus,profits,COP_FH,COP_HW,PV_DE,B_DE,GR_DE,PV_B,PV_GR,PV_HP,GR_HP,B_HP,HP_FH,HP_HW,index,B,HP
21.5,100.0,5.0,0.0,0.0,27.100591781073803,0.0,-27.89820172909736,3.3961429050990515,2.32471433367048,0.0,0.0,0.24138900637626648,0.0,0.0,0.0,2.4173107147216797,0.0,0.0,2.4173107147216797,1.0,4.599269866943359,-2.4173107147216797
