Temp_FH,Vol_HW,Soc_B,T_FH_plus,T_FH_minus,V_HW_plus,V_HW_minus,profits,COP_FH,COP_HW,PV_DE,B_DE,GR_DE,PV_B,PV_GR,PV_HP,GR_HP,B_HP,HP_FH,HP_HW,index,B,HP
21.5,100.0,5.0,0.0,0.0,0.0,0.0,-0.5177859780306004,3.283142852783203,2.2117142813546318,0.0,0.0,0.24138900637626648,0.0,0.0,0.0,1.484564185142517,0.0,0.0,1.484564185142517,1.0,4.5999040603637695,-1.484564185142517
20.39636993408203,162.29840087890625,4.999850273132324,0.0,0.0,32.252773347107876,0.0,-32.6827333155341,3.24985716683524,2.1784285954066687,0.0,0.0,0.22142000496387482,0.0,0.0,0.0,1.2117798328399658,0.0,0.0,1.2117798328399658,2.0,4.5991339683532715,-1.2117798328399658
