Temp_FH,Vol_HW,Soc_B,T_FH_plus,T_FH_minus,V_HW_plus,V_HW_minus,profits,comfort,abort,COP_FH,COP_HW,PV_DE,B_DE,GR_DE,PV_B,PV_GR,PV_HP,GR_HP,B_HP,HP_FH,HP_HW,index,B,HP
21.5,100.0,5.0,0.0,0.0,53.07883499182881,0.0,-53.07883499182881,-53.07883499182881,0.0,3.3961429050990515,2.32471433367048,0.0,0.24138900637626648,0.0,0.0,0.0,0.0,0.0,3.0,0.0,3.0,2.0,-4.599999904632568,-3.0
