Temp_FH,Vol_HW,Soc_B,T_FH_plus,T_FH_minus,V_HW_plus,V_HW_minus,profits,COP_FH,COP_HW,PV_DE,B_DE,GR_DE,PV_B,PV_GR,PV_HP,GR_HP,B_HP,HP_FH,HP_HW,index,B,HP
21.5,100.0,5.0,0.0,0.0,0.0,0.0,0.0,4.809214265005929,3.7377856935773575,0.0,0.17299799621105194,0.0,0.0,0.0,0.0,0.0,2.9999966621398926,2.9999966621398926,0.0,26.0,-4.599989414215088,2.9999966621398926
23.657394409179688,99.32877349853516,1.7621006965637207,1.8022838387532012,0.0,0.0,0.0,-2.2323658066302996,4.781428555079868,3.7099999836512976,0.0,0.16041800379753113,0.0,0.0,0.0,0.0,1.433606502623924,1.566388729004494,2.999995231628418,0.0,27.0,-4.599984645843506,2.999995231628418
25.802284240722656,98.65754699707031,2.3461004161617893e-7,3.933865713115239,0.0,0.0,0.0,-4.880674994466006,4.751857158115932,3.6804285866873605,0.0,2.2991092371965448e-7,0.15603677289097143,0.0,0.0,0.0,2.9999940395355225,0.0,2.9999940395355225,0.0,28.0,-4.599979400634766,2.9999940395355225
27.933866500854492,97.98632049560547,2.842170943040401e-14,6.054198828565234,0.0,0.0,0.0,-6.999744035848927,4.726857130868094,3.655428559439523,0.010449999943375587,2.7852437390669504e-14,0.15182200074193078,0.0,0.0,0.0,2.999995231628418,0.0,2.999995231628418,0.0,29.0,-4.599982261657715,2.999995231628418
