Temp_FH,Vol_HW,Soc_B,T_FH_plus,T_FH_minus,V_HW_plus,V_HW_minus,profits,COP_FH,COP_HW,PV_DE,B_DE,GR_DE,PV_B,PV_GR,PV_HP,GR_HP,B_HP,HP_FH,HP_HW,index,B,HP
21.5,100.0,5.0,0.0,0.0,0.0,0.0,-0.3852843556914465,4.76892854145595,3.6974999019077845,0.0,0.0,0.18981599807739258,0.0,0.0,0.0,1.0944651365280151,0.0,0.0,1.0944651365280151,1.0,4.405371189117432,-1.0944651365280151
21.493249893188477,176.93797302246094,4.999850273132324,0.0,0.0,10.529292370437048,0.0,-10.641611388376576,4.764071410042899,3.6926428386143275,0.0,0.0,0.17299799621105194,0.0,0.0,0.0,0.20139871537685394,0.0,0.0,0.20139871537685394,2.0,4.58940315246582,-0.20139871537685394
21.486499786376953,190.529296875,4.999700546264648,0.0,0.0,34.583472470650264,0.0,-34.73619904947107,4.769071456364223,3.6976429530552455,0.0,0.0,0.16041800379753113,0.0,0.0,0.0,0.3486705720424652,0.0,0.0,0.3486705720424652,3.0,4.594221115112305,-0.3486705720424652
