Temp_FH,Vol_HW,Soc_B,T_FH_plus,T_FH_minus,V_HW_plus,V_HW_minus,profits,comfort,abort,COP_FH,COP_HW,PV_DE,B_DE,GR_DE,PV_B,PV_GR,PV_HP,GR_HP,B_HP,HP_FH,HP_HW,index,B,HP
21.5,100.0,5.0,0.0,0.0,0.0,0.0,-0.6011980683087526,-0.0,0.0,3.3961429050990515,2.32471433367048,0.0,0.0,0.24138900637626648,0.0,0.0,0.0,1.7626044750213623,0.0,1.7626044750213623,0.0,2.0,4.599999904632568,1.7626044750213623
21.839632034301758,99.32877349853516,4.999850273132324,0.0,0.0,0.0,0.0,-0.1041351195826179,-0.0,0.0,3.366857201712472,2.295428630283901,0.0,0.0,0.22142000496387482,0.0,0.0,0.0,0.1256970465183258,0.0,0.0,0.1256970465183258,3.0,4.599999904632568,-0.1256970465183258
21.281356811523438,104.1909408569336,4.999700546264648,0.0,0.0,46.7414809641661,0.0,-47.702686607033414,-46.7414809641661,0.0,3.34585702078683,2.274428449358259,0.0,0.0,0.20653900504112244,0.0,0.0,0.0,2.9974796772003174,0.0,0.0,2.9974796772003174,4.0,4.599332332611084,-2.9974796772003174
