Temp_FH,Vol_HW,Soc_B,T_FH_plus,T_FH_minus,V_HW_plus,V_HW_minus,profits,COP_FH,COP_HW,PV_DE,B_DE,GR_DE,PV_B,PV_GR,PV_HP,GR_HP,B_HP,HP_FH,HP_HW,index,B,HP
21.5,100.0,5.0,0.0,0.0,62.26809542546479,0.0,-62.92977045194813,4.76892854145595,3.6974999019077845,0.0,0.0,0.18981599807739258,0.0,0.0,0.0,2.0157673358917236,0.0,0.0,2.0157673358917236,1.0,4.599998474121094,-2.0157673358917236
